processos,media_tempo,desvio_padrao,speedup,eficiencia
1,122.692697,0.000000,1.000000,1.000000
2,64.417152,0.000000,1.904659,0.952329
4,51.726933,0.000000,2.371931,0.592983
8,48.601612,0.000000,2.524457,0.315557
12,48.562853,0.000000,2.526472,0.210539
