processos,media_tempo,desvio_padrao,speedup,eficiencia
1,0.007597,0.000000,1.000000,1.000000
2,0.010226,0.000000,0.742908,0.371454
